\textbf{Identity group},\textbf{ Google imedianscore},\textbf{ Google TN},\textbf{ Google std},\textbf{ Perspective imedianscore},\textbf{ Perspective TN},\textbf{ Perspective std},\textbf{ OpenAI imedianscore},\textbf{ OpenAI TN},\textbf{ OpenAI std},\textbf{ OpenAI ifprscore},\textbf{ OpenAI FP},\textbf{ Llama Guard ifprscore},\textbf{ Llama Guard FP},\textbf{ Anthropic ifprscore},\textbf{ Anthropic FP}
disability,1.01,6716,0.1834690603931727,1.16,6683,0.1251545216439353,0.21,6716,0.6293294000012299,0.72,970,0.64,872,0.92,1919
men,0.84,46651,0.2939115011425556,0.96,46604,0.1589892406578453,1.5,46651,0.7817924950703312,1.55,14585,1.32,12496,1.35,19554
women,0.9,55531,0.285500806123644,0.98,55504,0.1626106669199479,1.74,55531,0.791502567122397,1.62,18192,1.41,15795,1.46,25171
white,0.71,21377,0.2326789935557454,1.55,21332,0.11538392366741,3.24,21377,0.810407793600822,2.04,8785,2.33,10061,1.97,13120
non-white,0.58,27292,0.2754517798835358,0.95,26939,0.1519772065664323,0.57,27292,0.7929223927891644,1.35,7427,2.27,12513,1.25,10632
christian,1.19,42942,0.1210336109949909,0.72,42820,0.1240410201383544,0.73,42942,0.741882702192898,1.23,10681,0.7,6113,0.93,12487
non-christian,1.21,29117,0.1326104842781599,1.28,28927,0.126189746554302,3.37,29117,0.8894985493265567,2.19,12880,2.05,12072,1.8,16284
straight,0.68,2625,0.2312854939336735,1.24,2590,0.0969720950355626,0.38,2625,0.6957094984017641,1.01,535,1.02,543,0.65,534
lgbt-related,0.7,16375,0.2225756823148856,1.58,16203,0.1284689436033826,0.7,16375,0.7802639195718503,1.35,4457,1.42,4691,0.92,4676
